id,x,y
299,0.12196446265773547,0.6849052336451115
DEP15,0.7492910321011603,0.09554165254881976
DEP285,0.8807245706573167,0.394608475376769
DEP289,1.104663489084741,0.661313873406313
DEP297,0.2708727642539015,1.0900465777841637
DEP535,0.9517884331497538,0.730350696018406
DEP698,0.20847506753044032,0.6141012885730891
DEP8,0.5922406822328173,0.06368146829956416
DEP9,0.41715643028633254,0.4438729212703822
KMS1,0.8044281813521506,0.6154045359953405
KMS1000,0.2548268516908159,0.0660823882620389
KMS1003,0.14529983860068874,0.6717714744443432
KMS1019,0.6601139249387735,0.3000893641582481
KMS1025,0.38931686109509317,0.5418631789805759
KMS1026,0.3747223749558021,0.545113550219605
KMS1029,0.03897899186799396,0.15438538198949
KMS1038,0.27429028269435674,0.285410062501635
KMS1039,0.337221239977776,0.30209947309988944
KMS1040,0.31104721822074405,0.3360332080915393
KMS1041,0.2904770507071814,0.2913099310927423
KMS1042,0.2696087150087947,0.3054176783897498
KMS1043,0.5174676067166568,0.2933409494558975
KMS1044,0.31897626013246766,0.3146805892516991
KMS1045,0.3347756608968993,0.3353615309816444
KMS1046,0.2949913526173577,0.31974483962100425
KMS1048,0.3064135324093885,0.2969913764472327
KMS1049,0.3176471142127932,0.26331836077653414
KMS1050,0.24964507575819672,0.276185420389031
KMS1051,0.3514457684199475,0.2930709196326085
KMS1053,0.30939507310114645,0.27852744082725106
KMS1054,0.3246277504737988,0.2500366493019699
KMS1055,0.8788019456111598,0.6761692768924059
KMS1058,0.6535569566581275,0.7679367437807797
KMS1061,0.696067472205049,0.3116688921661848
KMS1062,0.09356743998601941,0.23459881777500774
KMS1063,0.020818934330617246,0.5949030549406616
KMS1066,0.9245480056736086,0.24486801318340276
KMS1068,0.6526234597874887,0.04392105720612913
KMS1070,0.2035815760800084,1.0528461105315294
KMS1071,0.20154757248426733,0.9025453813989531
KMS1072,0.6411730187884571,0.7164291240799489
KMS1073,0.8771276274926778,-0.08282614691590443
KMS1075,0.28864755317140217,0.798001377826595
KMS1081,0.8260178173381983,0.15422313021945128
KMS1084,0.3919852454360868,0.8523338462886489
KMS1085,0.8157296695023659,0.48611378151295453
KMS1091,0.08337009100195514,0.16927820926733486
KMS1093,0.2612757126562509,0.08778638439229888
KMS1097,0.8972672612338944,-0.07738510618574478
KMS1099,0.9124362071425052,-0.07681085400882497
KMS1107,0.3810737988940351,0.8894313321667267
KMS1111,0.6817592462500259,0.6724668307536703
KMS1113,0.7979323070179914,-0.04358670466079106
KMS1114,0.8729007782298819,-0.021253120717233932
KMS1115,0.856245218288948,-0.030534741462337887
KMS1116,0.3280792469142141,1.108054363023222
KMS1117,0.7332610360857484,0.5225254980044025
KMS1118,0.25119095246052914,0.5928904125029212
KMS1119,0.4732400162411502,0.8634905531402434
KMS1120,0.34874169102605784,0.8679932101451295
KMS1121,0.8616545305034928,0.5371611902106399
KMS1124,0.5143719575858933,0.723702542244258
KMS1127,0.47085045355197086,1.0669831563002123
KMS1139d,0.15082707761293357,0.13981421848276016
KMS1139e,0.6178868519135609,0.3798674204317334
KMS1139g,0.17102361176303701,0.14692354578003783
KMS1139h,0.17174904141145797,0.1279317426823406
KMS1139i,0.8530187882042104,0.5635903954809345
KMS1139j,0.20963091601877268,0.07508463538535039
KMS1140,0.18405518423690723,0.8808661497593089
KMS1143,0.2492571335873239,0.7300626133728902
KMS1148,0.8768291655307734,0.5002914515557377
KMS1167,0.5747599162289269,0.5069576533030005
KMS1168,0.5459707927024635,0.5203343514881175
KMS1171,0.7839198992036996,0.6016967544785955
KMS1172,0.5737177873094089,0.5346730127248742
KMS1175,0.764369387356705,0.5922075722122292
KMS1178,0.5174065754612102,0.508816758182187
KMS1211,0.2069509337101258,0.6921094097406383
KMS1214,0.9000874855566677,0.19682851411518737
KMS1218,0.7754868915642289,0.6801099514837522
KMS1222,0.7279971920492477,0.6816900752949305
KMS1224,0.059837988987889355,0.22463076386720465
KMS1230,0.5735042265787914,0.9891241512973682
KMS1231,0.8397355544817814,0.5127734654303796
KMS1232,0.4704453039104671,0.2184016713905137
KMS1233,0.6831673878485511,0.8922423338156117
KMS1239,0.6078227946309511,0.6421686411015614
KMS1240,0.18703139719995376,0.7207479645288927
KMS1241,0.6343532457499443,0.4683007933760845
KMS1243,0.8708403166426532,0.6904922726854885
KMS125,0.8511690097336336,0.32339383665136884
KMS1253,-0.038757657306285845,0.23278191161886497
KMS1258,0.006187060484074705,0.6424357855933484
KMS1260,-0.030862387910342404,0.6452330855771312
KMS1262,0.5484430436794157,0.29699014767445375
KMS1263,0.14291146024701412,0.43076402055667407
KMS1279,0.6019634642516396,0.09700534477875107
KMS1280,0.7380221952939946,0.2375837983751829
KMS1288,0.16055824746470396,0.23900321573508376
KMS1292,0.6627432835783672,0.22290115402074792
KMS1293,0.42913229519440416,0.06516523236971547
KMS1294,0.6749787536081412,0.23674039110608028
KMS1300,0.8075009933157304,0.15732852760310115
KMS1301,0.21292553405256046,0.4117361735315648
KMS1302,0.6400001769192488,0.6622880551673351
KMS1304,0.48860944927732086,0.37535660513924973
KMS1306,0.7016690040114513,0.5081231421890157
KMS1310,0.4918826141273723,0.7119307931075003
KMS1310a,0.5002890680788186,0.5461988092207709
KMS1316,0.7722123572372787,0.5287876617925967
KMS1318,0.23752096866658157,1.0292738430215411
KMS1319,0.5339463580146196,0.1572219761902955
KMS1324,0.13404224361819284,0.9289708728795808
KMS1330,0.47878403191742763,0.4604171922769211
KMS1331,0.15838071947365012,0.4331174046537471
KMS1338,0.7835963475358791,0.07907486011831183
KMS1339,0.7632358832313956,0.0746772235989124
KMS1340,0.1468445631060054,0.3161088990798234
KMS1343,0.17096085442774012,0.22549210223382818
KMS1345,0.17380694493426072,0.44725998550893464
KMS1346,0.5581602128081818,0.8179947587555094
KMS1348,0.8823942025386992,0.13466381124041948
KMS135,0.7842212644695857,0.6292490702030579
KMS1350,0.22585904923281305,1.0124017015420923
KMS1353,0.49269765555605816,0.8211051374580304
KMS136,0.700388864143658,0.7505169931253586
KMS1360,0.5458991051382297,0.10035833283384815
KMS1363,0.6556627572433071,0.5423566705868341
KMS1364,0.6024148860847391,1.025625205422187
KMS1366,0.5505013106081132,0.870279089518659
KMS137,0.35644341848254657,0.9483301445721617
KMS138,0.5381855532517787,0.055175357466487204
KMS1384,0.715262273892829,0.08345933732842524
KMS1390,0.9051092723779447,0.23388841394964308
KMS1424,0.4839107893518011,0.2664599473078969
KMS1426,0.5353833049274227,0.014534365185459237
KMS1431,0.8183869175794554,0.7129211739211041
KMS1433,0.4396954351278567,0.44734128311135885
KMS1434,-0.005171828901924484,0.1710344594442103
KMS1435,0.7345120602176587,0.6145474053911372
KMS1436,0.8644315105137083,0.4896491997626028
KMS1438,0.7807480813230357,0.25938558745221474
KMS1439,0.7086779017898733,0.8508206368387111
KMS1445,0.8281142283123194,-0.05162935448428604
KMS145,0.3493204996641714,0.9094711914180182
KMS1450,0.29709216381497794,1.0038686550794085
KMS1451,0.5542893160106799,0.8521186917860314
KMS1452,0.11354136268042414,0.3547728206730211
KMS1454,0.7506618664410689,0.6810741028869657
KMS1465,0.4400877365774591,0.3315493872738211
KMS1468,0.8016493920248468,0.719637869084681
KMS1469,0.16982458886190757,0.2719423781604275
KMS1470,0.3980523126368375,0.4254853086717785
KMS1475,0.8295680384532957,0.3563680352192915
KMS1477,0.07080402039923607,0.7597191727627146
KMS1482,0.37807632539676195,0.3703271484020678
KMS1484,0.10584444383551711,0.8369591246051951
KMS1487,0.4439975783347821,0.958152607510584
KMS1490,0.28081510019020955,0.4824828344048576
KMS1491,0.33890162635368604,0.7145174323595911
KMS1493,0.627423524354455,0.8241615368788597
KMS1495,0.8925867440994679,0.11590280461486338
KMS1496,0.7645914190232425,0.7844276821575055
KMS1506,0.7054291992566301,0.6590536532364109
KMS1512,0.39642097886240796,0.7771832107623283
KMS1513,0.7208070802930173,0.6474214990633368
KMS1518,0.38178018578633305,0.2062359165532421
KMS1526,0.08803412955758233,0.19204880831603904
KMS1531,0.40797051249077393,0.24654854570202228
KMS1542,0.11436847035561985,0.4907490607433845
KMS1557,0.7691822994093329,0.1498573951833557
KMS1558,0.6506733963024968,0.7045579184262928
KMS1560,0.6394832965894047,0.10422983009115108
KMS1561,0.47377375102198793,0.9280604772285072
KMS1562,0.6197662495981283,0.24742114659520012
KMS1564,0.8240459230244294,0.4680152329443602
KMS1566,0.5411116558457121,0.8218316856544075
KMS1568,0.7365746373824564,0.8931471905077542
KMS1570,0.458323833671132,0.3793716758009837
KMS1571,0.2048565672362066,0.2298902120347286
KMS1573,0.16017695157018733,0.3513345205032188
KMS1574,0.2500380309479194,0.9541115148595681
KMS1581,0.6305191848310728,0.18816239263045242
KMS1597,1.1029476723396479,0.28425901074392923
KMS1618,0.24592050739126875,0.9182442686726083
KMS1620,0.7752816282377072,0.18941721769159492
KMS1621,0.5900895757691864,0.7549541654542679
KMS1625,0.72803542593248,0.9087631116910496
KMS1629,0.5988455388568265,0.9931204964532877
KMS1630,0.14221608069073588,0.3455890069869962
KMS1634,0.7238669481630049,0.05479238206129233
KMS1635,0.5384173747316112,0.22365634247329175
KMS1636,0.7731922432796781,0.03747748987233949
KMS1637,0.36202934581690344,0.5751980673544169
KMS1638,0.4219471264141426,0.5615800653462282
KMS1644,0.439764454424309,0.929375431279132
KMS1647,0.30449554306216614,1.0607546202250706
KMS1649,0.8265041114626283,0.19773846393150507
KMS1651,0.39075231225046525,0.3877014674474825
KMS1653,0.33634400949513965,0.4531051658800869
KMS1657,0.2806713120108478,0.7607905038162476
KMS1658,1.089378328899712,0.38060903884769887
KMS1661,0.9546692216559235,0.33446973023371873
KMS1662,0.5930537792810858,0.4657051104907206
KMS1663,0.4488683235743002,1.1398627355059907
KMS1664,0.49846920716636917,1.1159684889407087
KMS1665,0.9923799730254279,0.359429735212898
KMS167,0.1834626702297923,0.737692305805997
KMS1670,0.994986447338847,0.23763228054436367
KMS1671,0.45378110290322665,1.115946777551047
KMS1674,0.5892191075708288,0.39466268124979254
KMS1675,0.7500772996905543,0.6995057020883713
KMS1677,-0.021111785980630314,0.24381864690632413
KMS1685,0.36582488152093157,0.9274048200565763
KMS1686,0.11169515029634386,0.859955495104543
KMS1690,0.4292047018065215,0.7139308093315633
KMS1691,0.416338526339224,0.36334448907878103
KMS1692,0.3375359845377097,0.7559928194774999
KMS1693,0.6856649424521014,0.6983628411994446
KMS1700,0.39702060446354215,1.011495259043632
KMS1713,0.14235082476724809,0.9435159853225844
KMS1714,0.3584331649459917,0.8147416830375257
KMS1717,0.20915865014517193,0.7216125989057369
KMS1718,0.04109184258516364,0.7726697155681301
KMS1721,0.3837803529809717,0.8249707393027432
KMS1725,0.762977376596995,0.37989887049905546
KMS1726,0.13440610344559858,0.33241391094367856
KMS1729,0.8308964983099929,0.08238913829196211
KMS1730,0.7101793236271585,0.3834744464574908
KMS174,1.0574169934190434,0.4066250571631662
KMS1740,0.3713214224221246,0.7303344020359053
KMS1745,-0.007594219585695343,0.2768082544408973
KMS1752,0.6865719793169978,0.5701536771656057
KMS1757,0.5428046502635605,0.08251136862532914
KMS1760,0.9779277221652706,0.14918175290063912
KMS1761,0.8604371154227897,0.10580352962731315
KMS1762,0.8221334775892878,0.1290457034990118
KMS1763,0.9660285940150589,0.18261393679374277
KMS1764,0.8368781400315232,-0.002867374062645265
KMS1766,0.8452036989871691,-0.050583819688981346
KMS1767,0.6501370529999602,0.398096953520786
KMS1769,1.0256793496464574,0.4816205822352384
KMS177,0.4706059237997291,1.1243650994514696
KMS1773,0.8713055665649764,0.09328112170704159
KMS1775,0.9602971632654093,0.14694538796248544
KMS1776,0.5525039886680135,0.7369259999592344
KMS1780,0.5722622237970588,0.7332952597402926
KMS1786,0.8365385316010943,0.45753065995363196
KMS1787,0.22547854259222067,0.06069178720687672
KMS1788,0.9162149120689875,0.14483863062089491
KMS1789,0.3102469715766854,0.8954335552207723
KMS1790,0.10888412895572348,0.2946628582848041
KMS1801,0.047462844747070077,0.8903127405179474
KMS1806,0.37086263314289614,0.4172965183480072
KMS1808,0.48203058815476285,0.20591510590912654
KMS1813,0.6684570354426285,0.28403233265533306
KMS1814,0.1497810514873373,0.2550664400460078
KMS1816,0.693229722299537,0.2642943576789578
KMS1817,0.7942686610048517,0.2932285129736015
KMS1818,0.27989372902043275,0.369855101941579
KMS1820,1.065557411398497,0.34947587188248075
KMS1821,-0.007164253784620416,0.22426708748021582
KMS1824,0.37076898674186637,0.8665225207425546
KMS1825,0.7942865856415725,0.1653553997227001
KMS1830,0.2879253225090094,0.5522545467769752
KMS1838,0.8347931288972034,0.021138512749276375
KMS1839,0.5439391077033249,0.9206771521360438
KMS184,0.9169940108261847,0.04348748762417116
KMS1845,0.8093443786499049,0.5129768346844763
KMS1850,0.7984198188292453,0.1829398382705443
KMS1851,0.4837589003893582,0.967057597582348
KMS1876,0.624926420554513,0.502630475060559
KMS1877,0.5265165165047636,0.5738353075432099
KMS1879,0.28147210625180524,0.1435403665361184
KMS188,0.9316215764799234,0.6238873750713563
KMS1884,0.4385727220449835,0.2513760170540033
KMS1899,0.36123328971684016,0.7446184091264867
KMS1901,0.3528096454373221,0.03562697826134068
KMS1902,0.3650182073196181,0.027677865175140978
KMS1903,0.5334171318791561,0.2673707471386194
KMS1908,-0.059037545697433615,0.3958734203278362
KMS191,0.14797775099701127,0.2998221062009214
KMS192,0.3136098099124469,0.7882037112013026
KMS1931,0.7464739234664652,0.15184629703029637
KMS1941,0.8542558452520981,0.47723463964719914
KMS1950,0.19036922971398085,0.6962145705544889
KMS1951,0.14678948195036076,0.9071871340799149
KMS196,0.18652147818877304,0.28315241000711117
KMS1962,0.7880312405401113,0.2078765204373078
KMS1963a,0.14586985209344666,0.10765522174463636
KMS1979,0.8005885885679596,0.050974009864164324
KMS1989,0.03396501237605797,0.36860976072293855
KMS1991,0.1848444701737018,0.11191635255658747
KMS1996,0.839181007423243,0.2886314054677291
KMS200,0.11402143040931335,0.1537475690919109
KMS2000,-0.0753104465751996,0.3887647165729946
KMS2011,0.11755532477901111,0.8901352015502899
KMS2012,0.25782541586634844,0.5585914754778483
KMS2020,0.3378464215974298,0.38840288254172683
KMS2025,0.12425489182041716,0.20441345400293331
KMS2027,0.9522826327022085,0.2352002866226655
KMS2035,1.008351575416755,0.5398280591718962
KMS2040,0.5937910567230379,0.2002392324053126
KMS2047,0.46526711210287763,0.14950602273156757
KMS2051,0.6360299389802011,0.8374167988839469
KMS2052,0.11919594540725197,0.5264640029077132
KMS2057,0.22411732898260286,0.8460574212185327
KMS2059,0.47503472062479574,0.7110800628784991
KMS206,0.6104787588456388,0.6085779905222632
KMS2060,0.46425008481927255,0.733436663214292
KMS2061,0.17002709953425643,0.609868169138175
KMS2063,0.9056134591033321,0.6480103861424703
KMS2065,0.852379735185729,0.15318328369882137
KMS207,0.6279585879434407,0.6169939490921735
KMS2070,0.4288124041368802,0.6854405649707372
KMS2071,0.2898907516111298,0.2128602228603392
KMS2073,0.34367217425394603,0.3618161954773462
KMS2075,0.8393084415506723,0.6288098585996748
KMS2077,0.4808943820036541,0.8859857410606548
KMS2080,-0.0008228589542088516,0.2955467253215943
KMS2081,0.6282361712501582,0.4169413371613616
KMS2086,0.9893912522242073,0.4850430122722905
KMS2093,0.5751518989608373,0.8144834050756787
KMS2096,0.14223030278511747,0.19531330948949188
KMS2098,0.5839653610227439,0.4407763511921251
KMS2099,0.432677577758729,1.026768931809102
KMS213,0.43071029228550417,1.149724683646562
KMS214,0.20347088158709856,0.8367524442820525
KMS216,0.2063624898644982,0.8776320112754645
KMS22,0.8163424117748765,-0.0028858640212014973
KMS224,0.5396991188138656,0.71178226037428
KMS227,-0.017443900640943477,0.6667796260318423
KMS229,0.52097320070246,1.1185235052791624
KMS233,0.41597323935214514,0.865366150975272
KMS241,0.16626673004905526,0.20145055488774363
KMS243,1.011394665448473,0.3292758966663626
KMS250,0.044455648833813775,0.5975469998873799
KMS263,0.5514681521222901,0.7887759239363811
KMS266,0.2542180426251026,0.9327587855713506
KMS268,0.754021867891277,0.1788570754305657
KMS272,-0.017387011449020107,0.6104750532654827
KMS274,0.053516214031174604,0.1633513085541257
KMS275,-0.03404383371839952,0.6139860886712336
KMS276,0.21199589353151427,0.11627539330770977
KMS280,0.7089404405308103,0.5239037359241409
KMS285,0.01080038355621712,0.5800854093066657
KMS291,0.3252475987034052,0.8056227972583824
KMS296,0.23698219643926868,0.46914835973496005
KMS3004,0.8749053655745818,0.1723017490394109
KMS3007,0.659768293473683,0.44499376119802664
KMS3012,-0.07294322473950646,0.4517815566476932
KMS3020,0.00337562833354881,0.394647858000934
KMS3029,0.16464179466408702,0.04973613909421263
KMS3030,0.019880946637830806,0.38767153169309393
KMS3059,0.33346635392870555,0.03427571459935148
KMS3060,0.3414264998577069,0.052069549237269204
KMS3061,0.5187116532048005,0.6367726405524696
KMS3062,-0.04425148438759761,0.4219538890317692
KMS3065,-0.04400739935291271,0.446954147594897
KMS3066,-0.03100636863454345,0.4400647878901849
KMS3073,-0.04540555238766086,0.40220541901199924
KMS3075,0.04021614403589735,0.39093459788471385
KMS3076,0.054418467612543014,0.3807603975414647
KMS3097,0.4669564776048398,0.9466553952910303
KMS3104,0.9687823097140548,0.5207122607013296
KMS3108,0.4660499426890094,0.44646480394518967
KMS3110,0.6842679496766988,0.4290104606244209
KMS3118,0.4992469629872841,0.9377627257753318
KMS3119,0.6485830127487399,0.6497036257079116
KMS3120,0.3297997764488584,0.883362820826797
KMS3123,0.5054760286920634,0.6862699293966119
KMS3132,0.3980456080482409,0.28728194886151914
KMS3136,0.9976982777913704,0.09802354517714398
KMS3138,0.466236733429136,0.9763938595670508
KMS3141,0.9054727106437669,0.540971112820594
KMS3143,1.0191080669604,0.5238987758064668
KMS3145,0.6417181164934547,0.6301491507105241
KMS3146,0.6485910047463682,0.41801530699882516
KMS3148,0.6136811493941201,0.8168508588681762
KMS3150,0.8609650524312414,0.12415788551442557
KMS3156,0.4788987129972035,1.0294476587597718
KMS3160,0.9174303241488739,0.194655351504305
KMS3162,1.069713901426023,0.12186283691674134
KMS3164,-0.06177358358083008,0.3010680383259535
KMS3165,0.9065485133047881,0.1630190166356693
KMS3166,0.1379774723532455,0.27874187503943665
KMS317,0.35114357382309425,1.0452582469302607
KMS3173,0.2076211112878989,0.05454892358973348
KMS3174,0.4039523006831322,0.5805317469276726
KMS3178,0.13691387263754146,0.16473201356843697
KMS318,0.7181714288604694,0.35365201118371764
KMS3186,0.4908151048059134,0.6935762537133807
KMS3198,0.5030311697126949,0.5734616053625758
KMS3200,0.8628377296706228,0.19856372183552276
KMS3201,0.8100451966987662,0.43668478479807854
KMS3202,0.013341936782193725,0.2652279190875421
KMS3203,0.03215945327629653,0.2871077464679477
KMS3209,0.16740635137405016,0.5653512411730808
KMS321,0.554024745435996,0.2623029060873251
KMS3211,0.49043350660991397,0.9008520170590771
KMS3213,1.007135814926112,0.40321269239907126
KMS322,0.9822349158323608,0.31020401868517045
KMS3222,0.9839741644824951,0.13003393948872388
KMS3225,0.5223746145862895,0.24508506306794361
KMS3236,0.6648079047385804,0.5698079430869006
KMS3238,0.7240625129274781,0.2850806824798041
KMS3241,0.38873697618012065,1.0987167279944037
KMS3243,0.16425440718135212,0.5124360361244717
KMS3245,0.5048104219887961,0.8771257949424256
KMS3270,0.5802008625190959,0.5927311076131961
KMS3275,0.6927575905468342,0.05787726148286371
KMS3285,0.17269568048795797,0.6929400774528442
KMS3289,0.26803990134985556,0.7351978212841018
KMS3290,0.2368102051782863,0.712695318046503
KMS3291,0.590735133522196,0.9173349231775134
KMS3294,0.18835393282066648,0.6481395441936803
KMS3295,0.952407906885255,0.06708019079435998
KMS3296,0.7931933057209761,0.5518142006134108
KMS3297,0.8126724976662638,0.5312442127308018
KMS3298,0.32829943541402945,0.6206822038506434
KMS3299,0.7345718667283215,0.36519170434310333
KMS3313,0.3353731038923223,0.42371831112106084
KMS3317,0.8792627371662848,0.4558772227240358
KMS3318,0.9395004465877889,0.3692897179123629
KMS3321,0.18597895834274356,0.24892288928194037
KMS3328,0.3315301589360669,0.73044473011094
KMS3329,0.6626186006368053,0.46779942260257273
KMS3334,0.7531479256251958,0.9275617192301375
KMS3336,1.0254737031198227,0.24427947595225694
KMS3342,0.62001878703405,0.31020519806985597
KMS3343,0.8587277730235623,0.2938976074450334
KMS3347,0.8422929064920671,0.4402645519829215
KMS3351,0.24364437024559005,0.35186371008934525
KMS3352,0.22629577309295915,0.20026638051482862
KMS3353,0.17059846775667833,-0.023755789668408463
KMS3355,0.2041797145226774,-0.04716262793886246
KMS3356,0.19321752459913039,-0.03809605099808285
KMS3357,0.18533953318089472,-0.027209368707821667
KMS3358,1.0486301558707165,0.30015060560028173
KMS3359,0.5149586115099144,0.016653471334057507
KMS3363,0.2344784517328804,0.6231889236558344
KMS3365,0.18379176954677195,1.007549993133712
KMS3366,0.19259434141536988,0.7842985467927943
KMS3370,0.6671879635825165,0.8557663662173656
KMS3373,0.5072797926795832,0.7856197957470791
KMS3382,0.3116437733763312,0.49981612764960787
KMS339,0.6087561377457551,0.7960533540931071
KMS3390,0.7194908920919733,0.25087404872508473
KMS3393,0.32287680744998803,1.058589937566204
KMS3394,0.17770175466446234,0.061704779056235635
KMS3395,0.7978770793818941,0.13400032122284936
KMS3397,0.905978540182133,0.3625089944241273
KMS3400,0.5884981364736598,0.9429739051069216
KMS3401,0.16602907654911986,1.0300459396922486
KMS3402,0.3903261771395221,0.3560025443715659
KMS3404,0.19668265725295841,0.18870508977809136
KMS3405,0.5315860411248546,0.9828167713951234
KMS3410,0.6924218010129098,0.006859068524431335
KMS3411,0.8608349278791539,0.8545369369476461
KMS3423,0.753826221474245,0.8373686590209383
KMS3429,0.31453607037257925,0.09597009930871751
KMS3439,0.6585329553049678,0.3645254909536332
KMS344,0.530839432798015,0.8460054557762585
KMS3442,0.59430038379844,0.3390764490531501
KMS345,0.16728545597506325,0.8319792566150958
KMS3451,0.27942299901334045,0.9190772585404328
KMS3468,0.2781150322067366,0.6360705299674644
KMS347,0.26770339649610214,0.582078081301368
KMS3473,0.1400592899752976,0.23044804921759962
KMS3478,0.3955240340899416,1.124597451086176
KMS3480,0.4462402819807741,1.0130787121903617
KMS3482,0.8446392904834924,0.1356391945572517
KMS3483,0.849034501746861,0.21245163718394572
KMS3484,0.16089729800838815,0.08912289383832736
KMS3485,1.0903437521882506,0.2965138536746392
KMS3487,0.38550945629820865,0.4819933214978217
KMS3488,0.3758921870739398,0.9107219804507426
KMS349,0.8266273745701833,-0.03458245729047493
KMS3491,0.07423612734317472,0.39073370574661065
KMS3493,0.908766987389239,0.09072956582692536
KMS3498,0.41599840493806384,0.34225013919902897
KMS3499,0.6517112647543765,0.0645068840068559
KMS349a,0.674849582904032,0.04118315685479684
KMS3504,0.9402671883976729,0.2643745130753803
KMS355,0.2839598428482195,0.9781195354568649
KMS3578,0.6340778819243513,0.4434152943530787
KMS3583,0.5591258464946507,1.064062882094857
KMS359,0.6014381526340341,0.8568278073442054
KMS3593,0.9097209281439621,0.8316658576946114
KMS3595,0.9141341869087725,0.21879928316478606
KMS3597,0.7434997709782923,0.03448453901342204
KMS3602,0.622678277420954,0.3385450294158805
KMS3605,0.3936801228547602,0.6351749799850384
KMS3608,-0.057120679466991384,0.2313570818575791
KMS3615,0.8233511208287771,0.047070621526487104
KMS3618,0.4428521607842431,0.1546066640173729
KMS3619,0.4044221581868495,0.9116844804327953
KMS363,0.239544485900421,0.830184903451264
KMS3630,0.3455296151651223,1.066526295929404
KMS3632,0.7166043475460584,0.2260601605821166
KMS3633,0.9212942193233195,0.6709729994279843
KMS3634,0.8835914702420788,0.21762900183913522
KMS3635,0.6178903221367575,0.2770607142835644
KMS3636,0.39816430868303926,0.46695283226788825
KMS364,0.6668359174509231,0.6974648581088726
KMS3647,0.5711076101827595,0.9541523516100657
KMS3650,0.8825991766222336,0.33302941769102373
KMS3653,0.535493589489472,0.4170489095518562
KMS3655,0.8335655572664477,0.8106821693374019
KMS3662,0.9488719641713765,0.04250928668312399
KMS3669,0.4488047696718126,0.6345454395381654
KMS367,0.48329501936423097,0.6463107701609571
KMS3671,0.8474471551325516,0.35839376256676025
KMS3674,0.9779905865370808,0.28089619603041116
KMS3678,0.164586843228986,0.4716998774903479
KMS368,0.06558887703257243,0.19595838883299585
KMS3689,-0.013145109197678011,0.19759601401181015
KMS3690,0.9004616919864377,0.39087027975192656
KMS3692,0.6135518616945618,0.9069239738072278
KMS3695,0.35186450195358165,0.7842046575868926
KMS3696,0.1034992168414639,0.42695262625628655
KMS3697,0.30032903357038754,0.3712228487509435
KMS370,0.5061013026269096,0.2567087678807571
KMS3708,0.07136288439303988,0.2603893917184759
KMS3713,0.6496375391881115,0.16642510257842325
KMS3716,0.9497825791253104,0.5664230069896281
KMS3728,0.7585727959976613,0.2126725088621365
KMS3729,0.8786810072243636,0.15218639177541027
KMS3733,0.21768269341580407,0.44890366510877466
KMS3735,0.1571793671278045,0.1829616928130774
KMS3742,0.46832525200752806,0.9095009330741768
KMS375,0.08092712461711506,0.2753771409867298
KMS3752a,0.9398408462891634,0.49777803207400306
KMS3754,0.9347946182356264,0.578684568326275
KMS376,0.3865548484718247,0.6974363723494724
KMS3763,0.7626774422119317,0.2446776883268521
KMS3766,1.0788938128644856,0.3114543777513335
KMS3766a,0.15280387629000988,1.0364486010952045
KMS3769,0.605055031882888,0.7162860603372113
KMS3772,0.028038336627498987,0.2076411239912018
KMS3773,0.2768004336383781,1.0155911074267763
KMS3776,0.7028470022782918,0.6248356449877094
KMS3782,0.09744270978752863,0.06748652371004854
KMS379,0.4506342231822095,0.26928909721128663
KMS3793,0.926830590662704,0.1810771939344749
KMS3800,-0.030750798075129752,0.18712042358005165
KMS3804,0.8017112622394077,0.09989688382554286
KMS3807,0.865991009978105,0.43958246715767113
KMS3809,0.20564023787345717,0.9814630590624369
KMS3814,0.5891957022460447,0.17968780483760532
KMS3820,0.3422226942776039,0.19654180593534726
KMS3822,0.502204427689214,0.46906947051434056
KMS3823,0.6143740047220599,0.5219873066603925
KMS3827,0.5664984599547557,0.35021068462308363
KMS3830,0.6637509920330573,0.6055247792702224
KMS3841,0.5540543086760973,1.0120558028911364
KMS3847,0.7218325760124967,0.10585009664698415
KMS385,0.21328483411822177,0.8135716618009302
KMS3852,0.5160002542804144,0.4212953560534075
KMS3866,0.5810891300835141,0.24823077108067038
KMS3871,-0.010131539139487248,0.7690965123494071
KMS3874,0.6754330174557298,0.9683305961198087
KMS3876,0.28732876716834943,1.0370848813405409
KMS3876a,0.42518121996604397,0.657069658590395
KMS3879,0.24559804255371245,0.23170711148307274
KMS388,0.6924939696434701,0.11897028954816039
KMS3880,1.0725884594721335,0.3703600529220081
KMS3885,0.482665142490408,0.18605638728581755
KMS3889,0.5229142992736406,0.3764003351804699
KMS3893,0.4852988278857228,0.5734455267652204
KMS3898,0.18889052895122968,0.3996962767253155
KMS3899,0.5614349040317512,0.9673751118070358
KMS39,0.5730222685945574,0.3292983155441639
KMS390,0.0660880411719152,0.8038715987150348
KMS3901,0.6392869222326699,0.6838698141434817
KMS3902,0.06607121264702724,0.24450369299092048
KMS3904,0.9198227801698918,0.5344739211836618
KMS3905,0.6076298819317435,1.045814378533335
KMS3922,0.46800203155568915,0.5727360898534174
KMS3923,0.30880029979675144,0.6380821794179651
KMS3924,0.52585525834421,0.524150729689861
KMS3929,0.17357046448756638,0.49503290892464014
KMS393,0.663148611880407,0.7557638407624232
KMS3934,0.4438363275571497,0.7975153237823084
KMS3939,0.47607551724232466,0.7892932608929469
KMS394,1.003569858272666,0.0541000737834975
KMS3946,0.6037168633065618,1.0091529197052138
KMS3947,0.2859592968190144,1.0781871458242145
KMS395,0.5558000362332265,0.2276356413399285
KMS3959,0.7519325531089682,0.4263528001433591
KMS396,0.6496967614882868,0.0809128189668996
KMS3972,0.8741208153184007,0.8464876115133414
KMS398,0.1430993999746166,0.8205975095306526
KMS3986,0.4851652572562769,0.32738225465844617
KMS3988,0.4162800213525488,0.7741077466121737
KMS3989,0.3841820159862123,0.31437204350141534
KMS3990,0.6731467342406595,0.06937804101091347
KMS3991,0.08168805583927774,0.07386897030373159
KMS3997,0.1369814707408668,0.9818953603111253
KMS3998,0.6492509662914788,1.0216448031429424
KMS4002,0.8023380494529667,0.41333317309692913
KMS4012,0.46564575961660504,0.9947495778115875
KMS402,0.36740394598361553,0.8441545657598113
KMS4022,0.9561145314959759,0.19650066498917426
KMS4025,0.2918263746398491,0.9386816357298777
KMS403,-0.0027594487720039385,0.6548902189454532
KMS4032,0.6120762477390673,0.4067900450884252
KMS4043,0.43564732856242633,0.9083372688651506
KMS4044,1.0637136338156472,0.180785879430827
KMS4047,0.005265679392763895,0.7664574710171786
KMS405,0.45741249468060896,0.8517278665077863
KMS4056,0.7397738676015448,0.39922554671653004
KMS4071,0.9706992139341412,0.48552630162531807
KMS4075,0.8444048395090457,0.03685478170783141
KMS4078,0.7789537714964808,0.09911758436009592
KMS4079,0.38563835225663395,0.7203276497406127
KMS4087,0.8100823497577729,0.37907406470602995
KMS4088,0.5587431671321802,0.36364028759775746
KMS409,0.21244382904868245,0.9414708780106593
KMS4092,0.4095693799505529,0.741924585716115
KMS4098,0.18686883079912373,0.3586307072308685
KMS410,0.30413000988327216,0.4019172512898141
KMS4102,0.22695312334602963,0.5571854567095684
KMS4112,0.3178564309128828,0.5732664653604316
KMS4113,0.34015777002557634,0.5735734289299358
KMS4115,1.0742607977472025,0.19435023785065383
KMS412,0.28780453102132386,0.8833444004975294
KMS4125,0.14776540863275522,0.5729590584376345
KMS413,0.3045712748472666,0.8122079057996254
KMS4131,0.85985246608192,-0.08554620114902378
KMS4136,0.43637628559530356,1.049204856237412
KMS414,0.4123813933686091,1.1264318113132132
KMS4144,0.6286596632902216,0.9158790428892036
KMS415,0.3808189534691917,0.7842005345215454
KMS4150,0.10841578548830152,0.24285722789585168
KMS4154,-0.03161758592113255,0.21430548408155112
KMS4155,0.2640524930846626,0.05014907114523538
KMS4167,0.6068110203342791,0.8936151856187154
KMS4174,0.23042279669786953,0.3727417893513049
KMS4175,-0.05107902608791326,0.3147451230753035
KMS4180b,0.5801320213368255,1.0310285361497316
KMS4182,0.42973369391569144,0.9811999221968134
KMS4194,0.9404665091002447,0.2847784014389116
KMS42,0.3073626295290284,0.981255388965905
KMS4201,0.8414568052559842,0.410630331277409
KMS4207,0.5377167686157854,0.18629625309699396
KMS421,0.5428447880945058,0.45108134907904873
KMS4215,0.41647139532544003,1.0367187671663383
KMS4219,0.393518569221509,0.9360091968110376
KMS4220,0.4179055103297979,0.9390649024272715
KMS4223,0.8995105934814318,0.4828056580466235
KMS4224,0.23307704706114704,0.9824960885039773
KMS4225,0.28685353181832096,0.44476907119060766
KMS4226,0.2559207378442108,0.4533013921815693
KMS4229,-0.0773818643426537,0.513349422193733
KMS4231,-0.09434411275985519,0.4908586397000555
KMS4233,-0.12170021374089154,0.4946624379796629
KMS4234,-0.10768172786577178,0.4944626300148858
KMS4277,0.3377586793306997,0.9293126322816133
KMS428,0.6565546595613347,0.5887504263732297
KMS4281,0.3732901495945786,1.1532940581848479
KMS4283,0.6268295006489234,0.9821575780724222
KMS4284,0.3736583317052978,0.43722472927670364
KMS4285,0.6289963210317965,0.046357302051157234
KMS4287,0.9278022466567699,0.6069620317468568
KMS4289,0.0199058244085232,0.1858324830676802
KMS4299,0.6227901268752615,0.7292207126752364
KMS43,0.16744351183514347,0.8572644876955854
KMS4306,0.5152791634512727,0.9928803955032148
KMS431,0.43807111252604597,0.8274989928133074
KMS4313,0.7970439282344682,0.461754543336665
KMS4318,0.17551029044974484,0.9770608965600717
KMS4320,0.732212951122401,0.2151357926991693
KMS4326,0.4372473551123498,0.5981154663686782
KMS4332,0.9981228381917311,0.16134513489063143
KMS4334,0.5849383836171814,0.7889214828142141
KMS438,0.40988500150096296,0.9627180066508799
KMS4386,0.895119712519639,0.8421692405555592
KMS4446,0.247684262079738,0.6889102856023476
KMS4448,0.5926804919195968,0.5422306410919487
KMS446,0.3084863249772537,0.4583918881888184
KMS448,0.003068905781942659,0.20913336109336997
KMS4508a,0.6127488040724716,0.06417598272439473
KMS4514,0.5469925963361775,0.5780420382254887
KMS4520,0.9185312041664818,0.8170276413300915
KMS453,0.006901142256406861,0.6701141876362768
KMS4531,0.8173702763982079,0.21820846875139546
KMS4552,0.9768263837367674,0.07695149267411579
KMS4559,0.9521814961175912,0.16026464551535496
KMS4571,0.7081134297992339,0.023775466578492388
KMS458,0.1713374471205684,0.7791345927532084
KMS4580,0.2650823404156837,0.703194462464787
KMS4594,0.21390462324896625,0.39038646074673805
KMS4601,0.6965945839102197,0.03476994675739998
KMS4602,0.7248176632788492,0.004925665011486388
KMS461,0.1205085638530702,0.2658895092434282
KMS4614,0.8079177505449952,0.8824250512611234
KMS4616,0.8368537660654431,0.11451391336509394
KMS4617,0.9986045186301048,0.2225549615893232
KMS4618,0.6631813743475268,0.8011096812448433
KMS462,0.22859968061293123,0.1787998313966881
KMS465,0.6779516906576417,0.3839923489394732
KMS467,0.6902581174907843,0.40143488764058977
KMS468,0.4972310075862657,0.5967704211882765
KMS4753,0.28780002707559055,0.8315504424701319
KMS4791,0.3362445901562246,0.6470203186497469
KMS4796,-0.05383641109323,0.1960127280763179
KMS4801,0.769248981573126,0.12129637702830708
KMS4809,0.516894564594597,0.9592491051225304
KMS4810,0.48134246206543374,0.1408759050350439
KMS4860,0.2515880263901627,1.038657119432701
KMS4888,0.4493533017563543,1.0829381558309163
KMS4898,0.2733494455629608,0.8046858827296299
KMS4913,-0.03105214209757714,0.31893976508420424
KMS493,0.2820887881667684,0.4232726572597983
KMS4938,0.42328709574342743,0.7538359400271843
KMS4945,0.8778614224858287,0.5248010331071269
KMS494a,0.1950991086000812,0.08305828898666098
KMS495,0.706351399291274,0.5902305911520276
KMS4950,0.3192279410173115,0.7677676844835163
KMS4961,0.5104197963435069,0.08365488858592224
KMS497,0.3936369984850571,1.1500982343596575
KMS498,0.25378619226410143,0.7701703017093668
KMS4999,0.0428789407217341,0.8636291339267529
KMS5000,0.8521174390166371,0.5790491411041158
KMS501,0.27452065624584987,0.779000914283142
KMS502,0.5727459877700017,0.7766758234513664
KMS503,0.6683638297270488,0.33630535307111886
KMS503a,0.03426899164674059,0.8170695453777417
KMS504,0.02760134417300067,0.2519551640493617
KMS506,0.28309943971919177,0.22996751599590073
KMS507,0.5175480104696425,0.49282942189212336
KMS508a,0.9815228614055048,0.6147517202146127
KMS508b,1.0042711263806998,0.6290380309434793
KMS508c,0.9917890519637073,0.6241113666007404
KMS508d,0.7544951811480836,0.4612832610964209
KMS51,0.8054921035543737,0.3508864708414775
KMS515,0.3378937274166157,0.8450169814793858
KMS522,0.2233818695173576,0.9152877632163949
KMS524,0.5096830645910602,0.8493328994686254
KMS525,-0.08260211217021911,0.23481414744161946
KMS526,0.08106846879396223,0.8225660548968156
KMS527,0.7204957459414919,0.7235787426234006
KMS529,0.30808330594348915,0.7029825921366268
KMS530,0.6108093031487577,0.43726237510358
KMS531,0.10921596617705674,0.19731794018668702
KMS532,0.6185946071781039,0.7823954804432108
KMS535,0.5385744618800542,0.9011865705513387
KMS536,0.4320083385348438,1.094439393813921
KMS538,0.43996369694300347,0.8607783235803246
KMS539,0.3557962438954464,0.8886929740340869
KMS54,0.6612960034387853,0.5102501954191349
KMS540,0.10626072568246203,0.31242324541664945
KMS544,0.4041767614007182,0.8050324942209512
KMS546,0.38829000076436815,0.25762640945493226
KMS547,0.278341879441331,0.8969190438510798
KMS550,0.3773845972075946,0.5985156209902048
KMS562,0.6456630618028119,0.3530135392540873
KMS57,0.7022949844332255,0.5383060047984582
KMS580,0.13028873189606788,0.8035333255079107
KMS585,0.15581986483663757,0.6201569784909925
KMS586,1.0302083411826957,0.32759803576641744
KMS587,0.5768007597578408,0.6703534155778952
KMS588,0.5674127139815329,0.6499655400999916
KMS589,0.5908838950390624,0.6787309603747945
KMS590,0.5588063682108512,0.6695590444812414
KMS591,0.1304366002894395,0.07804862086186344
KMS592,0.1144596265817832,0.08311664336043714
KMS593,0.6011338371128158,0.3032779678964479
KMS594,0.42475005270356775,0.21338232289429296
KMS595,0.4562848621673375,0.5847892367534008
KMS596,0.19103551800077376,0.20831770595088064
KMS597,0.4374876085242842,0.20487987310109
KMS598,0.40739706696103273,0.12864917674532267
KMS599,0.4838114697297449,0.6101460003753283
KMS6,0.5634647059682575,0.14815856487034124
KMS600,0.9055722311301979,0.3450803279954267
KMS601,0.39015562078147725,0.1265812557688105
KMS602,0.38541258481399226,0.11054635218634555
KMS603,0.7396091268715039,0.33836550665892257
KMS605,0.7767368279634593,-0.0426210262142621
KMS606,0.7522927090318553,0.5235820869149781
KMS607,0.7453181895507863,0.322874618521963
KMS608,0.49513635022500085,1.1387874541703933
KMS609,0.6781543426133275,0.6245840465688411
KMS61,0.5195117965665786,0.4642174269598653
KMS611,0.23385846074240582,0.7434016015052342
KMS612,0.04906876085989431,0.5522538609633523
KMS6151,0.9211981644325893,0.6382970056286242
KMS617,0.9147901201084191,0.44559540265239644
KMS618,0.2819334022106525,0.8645549892146316
KMS6186,0.6253963845537338,0.9585874494372421
KMS62,0.7016806119678445,0.4492247232209302
KMS6220,-0.03320593576234415,0.2810099751651634
KMS6246,0.921354294462376,0.5010281740282141
KMS6247,1.0141519509228978,0.1774901009980285
KMS6251,0.8810095471161613,0.6421895708190848
KMS6255,0.2079565598243613,0.42664321903334845
KMS6260,0.581858944590612,0.28429161764796507
KMS6317,0.059392726068036375,0.07862011364660482
KMS6322,0.6674239715556652,1.0363390329069924
KMS6331,-0.04201976321126,0.2547261111720976
KMS6337,0.6883394860578707,0.9151964432470088
KMS6339,0.5854576348814352,0.8773613659626157
KMS6340,0.7652743151605105,0.9373334056981034
KMS6346,0.44961856034042547,1.168921739338941
KMS6383,0.3257587237495233,0.15196632878197489
KMS6391,0.8216492296682086,0.8742888289252216
KMS6394,0.8265111419406574,0.8314646336403223
KMS6395,0.8270175321789686,0.8465313756379614
KMS6396,0.859150939102272,0.7790273061015205
KMS6397,0.6445597660471392,0.9238279636605468
KMS6433,0.33282943529404835,1.002356716265512
KMS6449,0.13086440397611118,0.9567859216389026
KMS6468,0.4514806234716592,0.4159116155552744
KMS6469,0.46167086005438357,0.42664093778563306
KMS647,0.21046091557012778,0.6499358152121307
KMS6479,0.17236398604064565,0.9575195600825538
KMS648,0.22760227589743126,0.6531844972127281
KMS6489,0.5017444365936603,0.42629263092746494
KMS6499,0.6046973581830912,0.8788083286276515
KMS655,0.682422822728118,0.7328291389532161
KMS6574,0.8365537347441272,0.8708901927298747
KMS6581,0.09393819370195086,0.9526697996795356
KMS659,1.0143654152430726,0.0446292292649903
KMS6598,0.38112115761377785,0.6181522713485914
KMS6603,0.8754941186430483,0.2800157145127163
KMS6606,0.5201211431426008,1.0136933072647614
KMS6614,0.3433172673084862,0.1560309416103484
KMS6650,0.14099978773154656,0.8439939371480226
KMS6657,0.1221950814332527,0.47604765710706
KMS6658,0.17623130413071267,0.550082330755589
KMS6690,0.35187909054012556,0.4652389191360851
KMS6691,0.9706154859166712,0.09234345258966607
KMS6692,0.8425135445484211,0.0664991258584012
KMS6693,0.9502685930388908,0.09863367854994984
KMS6699,0.8817326931653933,-0.06301163090725558
KMS6703,0.7628558039406226,0.31640988913608087
KMS6706,0.45336791443970675,0.774925738877334
KMS6707,0.10991827784282004,0.9270970692782909
KMS6715,0.6318290693179187,0.5488340665380268
KMS6730,0.12055089554325961,0.11984741262103336
KMS6750,0.1338415465969934,0.5174773945649607
KMS6762,0.454495843659621,0.8213710962548987
KMS6769,0.30924241223820564,1.0150018881671579
KMS6808,0.6336794047530073,0.8731256872741718
KMS6815,0.39456167533057496,1.065299513934123
KMS6817,0.6288510954936104,1.020350559628707
KMS6858,0.5591859157964885,0.06633778206304061
KMS69,0.875956032958037,0.6166758301577492
KMS6943,0.3611475523986499,0.7984467603047869
KMS6961,0.34287078462740145,1.1282122514287032
KMS6966,0.5880060474586335,0.03665347794584791
KMS6990,0.2026776900906162,0.7505851243386359
KMS7,0.6335667103817103,-0.03870659562616143
KMS70,0.9585969414960961,0.6167056460019052
KMS7057,0.6590210564057054,0.9975043915104915
KMS7065,1.004527243354885,0.4631639673422755
KMS7066,0.49570554191716093,0.3486023670915817
KMS709,0.9307594659035648,0.44107587108316654
KMS7094,0.32463045192800577,0.4022220169331057
KMS7103,0.3664123104570221,1.0178168333581268
KMS7105,0.13878435053825103,0.7344066527046046
KMS7116,0.6542045288258121,0.4887418025647111
KMS7127,0.20950012750482533,1.0361330925782832
KMS7128,0.32624433662697927,0.10298550547720227
KMS713,0.15819604049659375,0.28521036733234245
KMS7131,0.656507800442681,0.2554085759132655
KMS7133,0.050030079056833196,0.10476009819143203
KMS7144,0.44970971153706946,0.06802068480535806
KMS715,0.3609511265238551,0.37121671897556896
KMS716,0.4785526561568933,1.0937367049869637
KMS719,0.15935407244488412,0.7216236701074878
KMS720,0.4750752203544867,0.8243649588732358
KMS721,0.15872834333349448,0.4570355715962414
KMS7213,0.2576530419769957,1.05479215231354
KMS722,0.25325852388774106,0.5372792178154421
KMS723,0.5648576127242451,0.756159064293231
KMS7240,0.2210391523035847,0.7664278636403844
KMS7245,0.07401880422456145,0.44281766836609066
KMS7246,0.08889819769455855,0.4344574341004535
KMS7254,0.6391473061126719,0.9936634289440804
KMS728,0.004516313422667166,0.6263807207073221
KMS7284,0.2379747742146962,0.5764807298355913
KMS7287,0.6925274575664798,0.9735374980681104
KMS729,0.31498100271244933,0.8367713323477913
KMS732,0.04654888279437378,0.5795451269748237
KMS733,0.3357883720284499,0.8208246697406005
KMS7342,0.5025457814451906,1.021265676680375
KMS737,0.2158867964564476,0.26234342203375494
KMS7379,0.7028651243659588,0.34351295667205023
KMS7380,0.4810636534159406,0.3902500486968893
KMS7383,0.5432745486526546,0.758433396286334
KMS7386,0.5811158038000664,0.02189620524365986
KMS7393,0.7374590902086589,0.29961699572051725
KMS741,0.43659269952819346,1.1118578991004615
KMS7442,0.2712244411354219,0.46952406107264055
KMS7443,0.540253697201648,0.14019375332418493
KMS7452,0.3349644617665247,0.2160824342508072
KMS7455,0.695577535225516,0.32691476991275176
KMS7456,0.6347347429313283,0.32547418355434754
KMS7474,0.7661823720861026,-0.0011080422359665834
KMS7475,0.36474466449411236,0.5024872620453921
KMS7485,0.7757769051145403,0.7734405809323774
KMS748a,0.0654893757330166,0.9154755497911997
KMS749,0.2508340672038074,0.9792453597126338
KMS751,0.6800006390638644,0.4648419093800325
KMS7517,0.859833730135608,0.4100995082518107
KMS753,0.7501827298173503,0.7886293309121216
KMS7543,0.9297717561454375,0.12063868927343667
KMS755,0.5197881066100871,0.7612498617418818
KMS756,0.7801170744453263,0.41047584574581947
KMS758,0.25306598210452214,0.4241037176036593
KMS7589,0.5270156960410377,0.9332132992218399
KMS759,0.09591853758431294,0.8087675049851631
KMS7591,1.0443622922478375,0.4495240544578772
KMS7593,0.6504334691454868,0.31345973656532483
KMS7594,0.7202618615978735,0.46311078174152137
KMS7599,0.29007363846730455,0.9552111659807518
KMS7601,0.09115479135116858,0.28634634388624514
KMS7609,0.3464745265855695,0.12203297890296814
KMS7625,0.4238542064953952,0.9959156766630626
KMS7640,-0.0035097242068274984,0.2536919778574837
KMS7661,0.2885128291851844,0.712230223202031
KMS7694,0.33375434197670295,0.9519416764878832
KMS7707,0.8521770410582391,0.7932472299977146
KMS7709,0.5497536601392159,1.0504723132902458
KMS7710,1.0388750948802339,0.31242243988396934
KMS778,0.461220886572839,0.5175871756484557
KMS791,0.3860771068269651,1.0356323454750778
KMS792,0.3558150182296196,0.9715155574908222
KMS7956,0.49998233636588524,0.2341233223802797
KMS7962,0.15931609284288,0.16407134196936804
KMS7976,0.47370445433241276,0.5330623948416371
KMS7983,0.6706577150065715,0.139724516431464
KMS7984,0.8944191497186164,0.6672016235853773
KMS8,0.6513525405060858,-0.04474994472964753
KMS8003,0.7067289481852342,0.4796160375251929
KMS8007,0.48631677029267456,1.011277906992097
KMS8010,0.16344458101839912,0.7618360198440574
KMS805,0.2845678741666292,0.6641539446358831
KMS8055,0.11758370787421268,0.1363001909835676
KMS8078,0.7964578033593226,0.7374050356524298
KMS8079,0.18760064511042784,0.8068412821276337
KMS812,0.5916575716701802,0.13023606857554804
KMS814,0.31236648467958256,0.543823683668207
KMS815,0.7576216172455245,0.407860326769655
KMS8151,0.7785972310098683,0.3129895918941341
KMS8176,0.9095151114198746,0.1125324355102825
KMS819,0.7196620450868699,0.12604416860486492
KMS8219,0.9459604438760235,0.3192875278838577
KMS822,0.3560479809865596,0.3958595209834291
KMS8240,0.3525124064785641,0.6578367604569533
KMS8241,1.050105720231022,0.35119230237971827
KMS8266,0.4211734995127596,0.3910755671262196
KMS8272,0.20688433318882854,0.9562471101114917
KMS8274,0.3688611680000176,0.6629517304202484
KMS8289,0.969829155439601,0.5506287554152653
KMS830,0.7849893649352336,0.48966234524542607
KMS8316,0.9714847540064343,0.3835653665185131
KMS832,0.1272716121684979,0.872625382622874
KMS835,0.5601620212606879,0.3993353057371362
KMS838,0.18738339225140926,0.8510892232050576
KMS8395,0.6103566960491039,0.5698070009429278
KMS8415,0.5149995028227219,1.0941613772695529
KMS8416,0.41483535933420745,0.5075112297292982
KMS8417,0.7088370595570408,0.9764902036813948
KMS844,0.4327627971378444,0.8831308820281295
KMS846,0.3205226001493558,0.9642650282359626
KMS847,0.05836204161304805,0.8256139434008721
KMS848,0.2800436380795117,0.5959052069835654
KMS8484,0.19350247041605526,0.922956883517756
KMS849,0.08203460487934382,0.12528526340659762
KMS851,0.2499392516266763,0.8798239200071434
KMS852,0.8562689180714047,0.25812969709040157
KMS853,0.3515392261520694,1.113569951420965
KMS8558,0.3317509707860544,0.11557347541762922
KMS856,0.9490494924143951,0.4567839753402364
KMS8567,0.6922542278582134,0.8565166787158109
KMS8569,0.45132439845750427,0.744632874322385
KMS857,0.9563015634650894,0.49632989938592853
KMS8574,0.995086632366901,0.5498372876883907
KMS8576,0.6766282482751127,0.17062368914342732
KMS8578,1.0548113386184805,0.1172592141923086
KMS8579,0.3519980424063808,0.9958235315509415
KMS8588,0.7182753319526056,0.43519921099812975
KMS8589,0.5521409473523039,0.4124919988818069
KMS860,0.30287779874083887,0.7314116260921889
KMS8604,1.0077072158311031,0.19945205569736643
KMS8605,1.0311129191413217,0.10044060564952233
KMS8608,0.9326149249006724,0.06881370034910113
KMS8611,0.08208978545579469,0.7233376936157485
KMS8612,0.7551170804348921,0.05883180027805536
KMS862,0.26131430922561966,0.9942175194200831
KMS8625,0.9224613348445111,0.3966435596049026
KMS8626,0.303901501315441,0.513190855680435
KMS8627,0.9205827087246976,0.37594446973594525
KMS863,0.5285890812329811,0.7897915345942627
KMS8643,0.7774792043006331,0.2792656682217175
KMS8654,0.5732298851156862,0.3768782008376378
KMS866,0.4121691001442878,0.8302122693759388
KMS8677,0.4518520934632104,0.18689005565490446
KMS868,0.7060105433516032,0.7091767460696993
KMS869,0.358154782465927,0.7679809335232045
KMS870,0.8117830391080892,0.33350395221048906
KMS871,0.22656759164491203,0.8925461649557315
KMS876,0.06910493048788169,0.0948726587091717
KMS8833,0.9439696159315553,0.2111073279607291
KMS884,1.1270848365393251,0.28366486646683664
KMS8847,0.19897945501881653,0.3250140446640656
KMS885,1.0665021183960752,0.25413020884925586
KMS8856,0.6666931138069078,0.09890042206706252
KMS886,0.6329554248442611,0.2312565941976755
KMS889,0.7835316329042196,0.22825008970396732
KMS890,0.8090452425770073,0.2571780264065256
KMS894,0.8688454303280435,0.057492312520290106
KMS9,0.6660489551440979,-0.05154206716044838
KMS905,0.40553128109733433,0.8825514528498538
KMS907,0.3416486216264872,0.6901586531132369
KMS911,0.2337498563318691,0.8620816667279745
KMS912,0.3032203421789458,0.6792718757133837
KMS918,0.38294697790567384,0.985512986023474
KMS923,0.2758200423794558,0.6181734295737478
KMS941,0.7332358756793758,0.1977979496655364
KMS960,0.6469435623024874,0.7827535493427039
KMS965,0.26386053973541423,0.4086874877823474
KMS966,0.9302961146064289,0.5920210421201656
KMS967,0.07803125177379419,0.21512746293366072
KMS968,0.35591227879385773,0.5403997200570828
KMS969,0.3273300130739982,1.0258879785281108
KMShm9,0.8746676828875055,0.07614143118832736
KMSr145,1.0405691265142485,0.5205345883874192
KMSr38,0.7266557121025139,0.9815313124169222
KMSr71,-0.06312993152216492,0.26990876861606783
KMSsp104,0.08307802182322713,0.14785321725533762
KMSsp113,1.1242917775597592,0.3265666257130954
KMSsp119,0.3918735123769155,0.6827017423781067
KMSsp120,1.0172556236740833,0.1498826289396949
KMSsp122,0.22691565697984148,0.1451730044993163
KMSsp123,0.653526124332273,0.27214934126453927
KMSsp124,0.8792751040045839,0.30463386910039636
KMSsp126,0.18815211150366795,0.16178313136408196
KMSsp130,0.9045469706070591,0.27130940542622967
KMSsp132,0.8850289095361571,0.5731753003850604
KMSsp138,0.4998053912780371,0.19001884296825414
KMSsp145,0.4887208226029831,0.5015701781028705
KMSsp146,0.6956988478812273,0.17249618186308507
KMSsp148,1.023145878463677,0.4008747255775366
KMSsp154,0.5748942659113314,0.3079719251483156
KMSsp160,0.8143806413791408,0.39507570389008206
KMSsp161,0.8982197705225442,0.04932496026235448
KMSsp185,0.8831565521202371,0.5490189766282203
KMSsp191,0.9849317617975104,0.2517712404918636
KMSsp211,-0.04952566487381851,0.5820517875328157
KMSsp214,0.3061800500820675,0.8572176139825649
KMSsp217,0.49905169975915226,0.7565828497464202
KMSsp220,0.6453599201931921,0.018859283096245547
KMSsp228,0.672331754427948,0.52983069744994
KMSsp229,0.7025662479056072,0.29774695128301737
KMSsp233,0.13211870419871288,0.7628031340238196
KMSsp234,0.5585512597928389,0.5433057697613033
KMSsp235,0.9716292732114464,0.41179754847514094
KMSsp237,0.8923114183288069,0.3172813062532011
KMSsp239,0.7163591995829429,0.1507918008265894
KMSsp240,0.8688238535660879,0.2368852562689605
KMSsp267,0.19121077342820247,0.5935043693392661
KMSsp268,0.04352411887399298,0.2245246123602742
KMSsp291,0.2726148463061729,0.5294383140947522
KMSsp299,0.7515925342580102,0.5486386196813362
KMSsp305,0.251336828784462,0.1589904480795731
KMSsp306,0.2956727589241574,0.1724643492897937
KMSsp314,-0.028853235189880706,0.5867409519467857
KMSsp33,0.2322753204018855,0.7911505154096269
KMSsp339,0.5915678032375622,0.5069275929750531
KMSsp342,0.8062279597741179,0.5802034406375822
KMSsp343,0.990207873567171,0.5796480006291791
KMSsp344,0.9884525008491439,0.40331608713433936
KMSsp35,0.82924621143991,0.5614961912529456
KMSsp355,0.21074839354584057,0.4690535633600373
KMSsp356,1.1032645876344358,0.2663547265374777
KMSsp365,0.44386700431590903,0.4031052520487464
KMSsp378,0.26405715340232916,0.14972650924965622
KMSsp379,0.9738481397546912,0.42925791408476305
KMSsp380,0.8453410783788683,0.1734118811680506
KMSsp384,0.6407550452833862,0.14617439395639778
KMSsp405,0.40799160724337896,0.2028763804728352
KMSsp406,0.7295965863476269,0.17614351456339097
KMSsp416,0.8379099333046065,0.24145651711803534
KMSsp417,0.6961981882075507,0.14684274349985094
KMSsp425,0.19061149837890626,0.2992101393305739
KMSsp44,0.8232497449041778,0.25024440791238195
KMSsp441,0.06870237645510895,0.8972076768702948
KMSsp443,0.6884050628741457,0.19789622903901552
KMSsp446,0.05505432525753675,0.3275269370387867
KMSsp455,0.7954478269582655,0.01996031793108236
KMSsp456,0.7767595445411729,0.01507358318581375
KMSsp46,0.8494083740379819,0.5942944426108667
KMSsp465,0.6530890948138957,0.12963660754395875
KMSsp466,0.5034735171247872,0.6261533444688132
KMSsp467,0.7438285459101165,0.12590723433527018
KMSsp474,0.6077043614210976,0.12345034876091475
KMSsp476,1.1113528814547158,0.3144410172372582
KMSsp477,0.4876010189001386,0.4823210308110729
KMSsp49,0.806715598898481,0.07186757809425111
KMSsp490,0.1933079766559173,0.4369619218403257
KMSsp491,0.26686909771175865,0.8492431507176447
KMSsp499,0.5122311235996949,0.3622033763895076
KMSsp502,0.4970961615774701,0.27839537874079145
KMSsp504,0.3726356047604919,1.0561441595211951
KMSsp508,0.10910919733851468,0.16992981553045378
KMSsp510,0.47359422516747535,0.34389013134068247
KMSsp513,0.31192402226721827,0.9185159660672176
KMSsp514,0.16359945072048815,0.9140290275926983
KMSsp517,0.3668124030217257,1.091916398117757
KMSsp518,0.2567635147585042,0.814697238096118
KMSsp522,0.16524757530112535,0.8856291264910116
KMSsp539,0.5581515811604845,0.46339475481013737
KMSsp543,0.0844153872008643,0.893849211376927
KMSsp544,0.2074483942231702,0.552131582035564
KMSsp554,0.5515287894209353,0.5951430003350038
KMSsp555,0.08363670207991818,0.8682513572686184
KMSsp556,0.06699949036297412,0.8634261159465128
KMSsp561,1.021267055894184,0.4599130968887888
KMSsp57,0.44924063526766705,0.5409820361174508
KMSsp570,0.1059298009633818,0.6840219577436988
KMSsp577,0.21442636681181898,0.7838953907500924
KMSsp58,0.2958626054708542,0.5765043418120689
KMSsp583,0.4514038234400039,0.48631952019074437
KMSsp585,0.3688420562865695,0.3415426082298372
KMSsp598,0.7095479271207451,0.18607786645480232
KMSsp608,0.4293356874267297,0.29244353570699877
KMSsp609,0.414514224394547,0.2878215511339322
KMSsp610,0.3838656615658824,0.22682709516004068
KMSsp621,0.4528929187959133,0.30443654581383583
KMSsp622,0.25691000983199636,0.18719567376367288
KMSsp629,0.23682588916576577,0.8102730524682146
KMSsp63,1.0144264765455173,0.3624322364063881
KMSsp64,1.0303046883055256,0.35666121773509324
KMSsp656,0.4626547473594078,1.150674517763409
KMSsp657,0.4780320212956719,1.1579932060440248
KMSsp667,0.33794206135785865,0.6058474091963146
KMSsp673,0.15583494275825288,0.7989868286377169
KMSsp679,0.014949909460763208,0.5431171890348409
KMSsp687,0.6395568700202858,0.2043029082759538
KMSsp696,0.7388440147822605,0.27010275153127666
KMSsp712,0.7422526620271055,0.5641444969299964
KMSsp718,1.0788899781765844,0.42802718832854864
KMSsp719,1.0705246679422131,0.41463411673577477
KMSsp720,0.8741659914415786,0.03441337511421634
KMSsp722,0.7414154575193582,0.48733709030362504
KMSsp723,0.8259451732055352,0.1002216060475236
KMSsp726,0.9846021950372441,0.06271942079405686
KMSsp728,0.08598837155969553,0.7399221240286332
KMSsp73,0.5257135489488837,0.33490276702031624
KMSsp731,0.9884146177358206,0.29231498963269775
KMSsp759,0.4565457741655451,0.5555379615065781
KMSsp768,0.3084232158905977,0.07919734540244762
KMSsp776,0.45294653054517486,0.12167238968678523
KMSsp786,0.29633146617119976,0.7514431391442347
KMSsp789,0.9099146084387454,0.021798899393743854
KMSsp797,0.5146034764441552,0.2036834291392552
KMSsp798,0.8225520749317735,0.30789687009964567
KMSsp801,0.761522000255088,0.5016069002652311
KMSsp810,0.20934263522636404,0.14211777396400385
KMSsp811,0.6039945481823318,0.22390774845650607
KMSsp812,0.2559959910802929,0.3912787047105347
KMSsp841,0.7735249603632931,0.3583135935839995
KMSsp844,0.6119290979118726,0.035922764629683
KMSsp853,0.8924232832548636,0.2498342404797328
KMSsp854,0.7701753045377534,0.44053422826864164
KMSsp857,0.5775907224344118,0.20450387801223546
KMSsp861,0.8223462862313579,0.5432846533607363
KMSsp864,0.7285611981824284,0.3823381370817819
KMSsp868,0.2166703691619406,0.5855305541775395
KMSsp872,0.48188442651440017,0.2953454885229128
KMSsp882,0.380512978261643,0.9615451174578837
KMSsp889,0.10409843643351387,0.7836101739566922
KMSsp890,0.06989317785317314,0.7762805774969135
KMSsp92,0.5662951651410832,0.4896266302512394
KMSsp98,0.4298958982135131,0.5349421670068167
KMSst119,0.07128533657473547,0.5972984044355641
KMSst136,0.046172813121222754,0.7997074986704389
KMSst139,0.24327565131480414,0.11634382289825819
KMSst141,0.9102253822672227,0.3087972941194704
KMSst155,0.23472461445848672,0.10177741358961408
KMSst16,-0.018297553231704077,0.5685419339533923
KMSst1HH,0.6957537428048436,0.21909828070568985
KMSst211,-0.0070099615275123865,0.5944197222428126
KMSst217,-0.004484070079792404,0.5572548103553244
KMSst310,0.31752819335038107,0.5918140406774012
KMSst415,0.21869732730521363,0.30982152728042306
KMSst460,-0.059322500788834436,0.4482419600980207
KMSst461,-0.011670803493122741,0.44430346392503745
KMSst526,0.8077418917283467,-0.06087207477329768
KMSst528,0.8103994769331773,-0.024015480591025665
KMSst532,0.08304707013664234,0.791295279631979
KMSst537,-0.001028531654858497,0.42807727038258275
KMSst556,0.43741564402567146,0.47692189356775333
KMSst569,0.30427790768455676,0.43257303567548805
KMSst576,0.46757595155089954,0.24879763663814042
KMSst86,0.03101096688945818,0.5522883900563634
KMSst88,0.03298685748534217,0.6161130486147768
OPC 26,0.946062756889193,0.7459436965748371
OPC 4,1.089093995674694,0.6647378979601244